material,codec,texture,mse,psnr_db,ssim
material_00,ntc,diffuse,2.0120620051832307e-05,46.96358639871579,0.9938915409374015
material_00,ntc,normal,2.7495872112265685e-05,45.6073250083979,0.9951424709650359
material_00,ntc,roughness,0.00011176714085184306,39.51685858741764,0.9914961162869719
material_00,ntc,metallic,1.4666273421067476e-11,108.33680222780067,0.9999999812134974
material_00,bc,diffuse,0.00017673403546091185,37.52679805957477,0.9489628358495056
material_00,bc,normal,0.0009657867942753905,30.151187372381546,0.9173937206171644
material_00,bc,roughness,0.001896419649034834,27.22065553551776,0.8502324347886284
material_00,bc,metallic,0.0,inf,1.0
material_00,astc,diffuse,0.00015473569159564398,38.104094996477784,0.9423027315059965
material_00,astc,normal,0.0010048649058124921,29.978923209338816,0.8753086992346994
material_00,astc,roughness,0.0009234425558613133,30.345901153275697,0.9059983967881636
material_00,astc,metallic,1.4510678926343378e-05,48.383122672957846,0.880439341013168
material_01,ntc,diffuse,4.289255425905478e-05,43.67618090679027,0.9922229371862085
material_01,ntc,normal,1.355712557991156e-05,48.678323810524745,0.9957499316363517
material_01,ntc,roughness,7.827534928840821e-06,51.06374985752697,0.996309201749912
material_01,ntc,metallic,1.4666273421067476e-11,108.33680222780067,0.9999999811613883
material_01,bc,diffuse,0.0013533894967352079,28.68577198273446,0.7911067300871802
material_01,bc,normal,0.00031731737500823064,34.98506147049908,0.9643767262186684
material_01,bc,roughness,3.4750840523078985e-05,44.59034686609968,0.9890530043071795
material_01,bc,metallic,1.0266391394747233e-10,99.8858218276581,0.9999998400985272
material_01,astc,diffuse,0.0005082343916618998,32.93935950061682,0.9010651842015683
material_01,astc,normal,0.00012124013979293847,39.163535715516375,0.9663406383855598
material_01,astc,roughness,3.42289767640755e-05,44.65606083402521,0.9827171001297932
material_01,astc,metallic,1.4326177206706345e-05,48.438696811671534,0.8798887105315103
material_03,ntc,diffuse,2.227100321951801e-05,46.52260219297908,0.9961503700729765
material_03,ntc,normal,2.434053105850075e-05,46.1366995062278,0.9943161299164166
material_03,ntc,roughness,1.9487413650055477e-05,47.10245796184757,0.9961041479048514
material_03,ntc,metallic,2.141275919475852e-09,86.6932736699563,0.9999972217386824
material_03,bc,diffuse,0.0006208270202790563,32.07029389522542,0.9229729862907607
material_03,bc,normal,0.0008677720910540638,30.615943215911404,0.8717043333506873
material_03,bc,roughness,0.0003860058220594495,34.134061448898414,0.9364777879073287
material_03,bc,metallic,2.87355726712835e-08,75.41580143388467,0.9999102867926103
material_03,astc,diffuse,0.0003355110099684595,34.7429322366163,0.9398614589018429
material_03,astc,normal,0.00047177151793912985,33.26268282134726,0.9150311158056134
material_03,astc,roughness,0.00022695500423357536,36.440602368600274,0.9522051435841714
material_03,astc,metallic,1.2022105652246195e-05,49.20019459699135,0.9016830688102073
material_04,ntc,diffuse,1.9133360466825525e-05,47.182087464374945,0.9938792660227248
material_04,ntc,normal,1.8898752812935326e-05,47.2356685531523,0.9962878564340203
material_04,ntc,roughness,4.44823567339009e-06,53.51812211322259,0.9978812069555355
material_04,ntc,metallic,1.8775763232605678e-07,67.26402399944465,0.9997541039512519
material_04,bc,diffuse,0.0003523183965115539,34.530646792857965,0.9178633969615865
material_04,bc,normal,0.03361629591227705,14.734501419816905,0.82905366537181
material_04,bc,roughness,3.291102134338421e-06,54.82658639829201,0.997663678294417
material_04,bc,metallic,3.2958220614856334e-06,54.82036243516472,0.9868531154771755
material_04,astc,diffuse,0.00017795443945107787,37.49691173127647,0.9422207903836052
material_04,astc,normal,0.03370115747134952,14.723551829628576,0.8178750848501463
material_04,astc,roughness,4.74996484482487e-06,53.233096046393584,0.9966914184141967
material_04,astc,metallic,1.4636676881174893e-05,48.34557514533766,0.9021087516185186
material_05,ntc,diffuse,3.897464662795915e-05,44.09217813745872,0.9923704780341754
material_05,ntc,normal,5.663503567344149e-06,52.46914821598634,0.9967996668603182
material_05,ntc,roughness,3.584331409177471e-05,44.45591842055968,0.993312568935536
material_05,ntc,metallic,2.097276987754966e-09,86.78344208395148,0.9999973522842679
material_05,bc,diffuse,0.0016397108236732702,27.852327365599542,0.7027438691393874
material_05,bc,normal,8.203920479937152e-05,40.85978557871183,0.9710464661462556
material_05,bc,roughness,0.0011344181766693028,29.4522682344809,0.8083745406194079
material_05,bc,metallic,2.1726294420806574e-08,76.63014339479209,0.999937545094337
material_05,astc,diffuse,0.0005484405328657082,32.608704558712034,0.8768500935409315
material_05,astc,normal,8.085788358508456e-05,40.92277630295793,0.9646445682641964
material_05,astc,roughness,0.00047465427012595613,33.23622607735247,0.9022127605488985
material_05,astc,metallic,1.5280350288699044e-05,48.15866689824115,0.8692778613745733
material_06,ntc,diffuse,4.085552381030252e-05,43.887492170225755,0.9927043070731677
material_06,ntc,normal,1.5293499617601726e-05,48.15493123436318,0.9967489984533544
material_06,ntc,roughness,3.401674117113375e-05,44.68307294461983,0.9925017890411212
material_06,ntc,metallic,3.2265801178043185e-10,94.91257546646014,0.9999996009114841
material_06,bc,diffuse,0.0017357445849372113,27.60514180952905,0.7123600050576108
material_06,bc,normal,0.0011826764332259342,29.271340571349874,0.9400546192502119
material_06,bc,roughness,0.00043881413799067893,33.57719388498366,0.8260953206420235
material_06,bc,metallic,5.382502294910966e-09,82.69015776336438,0.9999865742726681
material_06,astc,diffuse,0.0005781183563186137,32.37983240759261,0.8854290048991379
material_06,astc,normal,0.000192741915416033,37.15023829431822,0.9797529430158183
material_06,astc,roughness,0.0002468470214741781,36.07572108732612,0.9014315649806494
material_06,astc,metallic,1.517146787529125e-05,48.189723981652286,0.8693249056856337
material_07,ntc,diffuse,1.82839629899727e-05,47.37929666471905,0.9944755455136635
material_07,ntc,normal,2.973844166828424e-05,45.26681792794453,0.992990413347488
material_07,ntc,roughness,2.4581533923765542e-05,46.09391019991409,0.9937313746695069
material_07,ntc,metallic,2.433134740353389e-08,76.13833840361545,0.9999690681267333
material_07,bc,diffuse,0.0007433515050223974,31.28805774943485,0.8031818513969561
material_07,bc,normal,0.0017187055164875036,27.64798529083999,0.6766411915838861
material_07,bc,roughness,0.0004943813766439498,33.059378974926695,0.8343229973605542
material_07,bc,metallic,5.622996417770756e-07,62.50032193165484,0.9980272562071271
material_07,astc,diffuse,0.0003641886704858971,34.38673568760731,0.8863041405459041
material_07,astc,normal,0.0011069269241174655,29.55881048949726,0.7611226029924906
material_07,astc,roughness,0.00031324600978631893,35.04114452460933,0.8951178275312125
material_07,astc,metallic,1.598953793683305e-05,47.96164086246458,0.8635848270404675
material_08,ntc,diffuse,3.545669103452979e-05,44.50301797006361,0.99040157078311
material_08,ntc,normal,2.9260788228579345e-05,45.337139790066175,0.9937110086862081
material_08,ntc,roughness,7.309214333563363e-06,51.3612930278711,0.9957957389526622
material_08,ntc,metallic,3.3145777722629314e-09,84.79571786370882,0.9999955173853786
material_08,bc,diffuse,0.0007467870982443887,31.268031936818097,0.8108421130984049
material_08,bc,normal,0.0017048060822834798,27.6832501384674,0.8485390038773671
material_08,bc,roughness,9.43906574992982e-05,40.25070988724068,0.9533623818462731
material_08,bc,metallic,2.4710813773803712e-08,76.07112952224264,0.9999298092270833
material_08,astc,diffuse,0.00032644423513840105,34.86190996441316,0.8965466293803256
material_08,astc,normal,0.0005455431738061849,32.631708740328634,0.8958493150472843
material_08,astc,roughness,6.065595278102341e-05,42.17126571003716,0.963928785247684
material_08,astc,metallic,1.5016005376961761e-05,48.23445584873631,0.8719104061690944
material_09,ntc,diffuse,2.6459142536253645e-05,45.774242341397304,0.9943083542608733
material_09,ntc,normal,1.62021372038385e-05,47.904276944318255,0.9939641065007682
material_09,ntc,roughness,8.414787043205959e-06,50.74956870434541,0.995668698660639
material_09,ntc,metallic,3.9158948641029204e-09,84.07168976867085,0.9999950370686504
material_09,bc,diffuse,0.0013481332383088,28.70267183614672,0.7625239623124682
material_09,bc,normal,0.0008852535868641979,30.52932304894988,0.766048658028171
material_09,bc,roughness,8.759922073393268e-05,40.57499757216146,0.9541669413717415
material_09,bc,metallic,4.3512711764492026e-08,73.61383850109803,0.9999200774071454
material_09,astc,diffuse,0.0005011579256954729,33.00025396986142,0.88200328919024
material_09,astc,normal,0.0005141725954275965,32.88891074273745,0.8309499627450184
material_09,astc,roughness,5.732109210747959e-05,42.416855438201615,0.9645856259968691
material_09,astc,metallic,1.5420413197317163e-05,48.11903989001628,0.866809646688478
material_10,ntc,diffuse,6.432078947330454e-05,41.91648633696863,0.991058518119876
material_10,ntc,normal,4.050923678595086e-05,43.92445939062091,0.9926478094968149
material_10,ntc,roughness,4.793774303095113e-06,53.193224169497924,0.9970208173777074
material_10,ntc,metallic,5.86650936842699e-11,102.31620231452105,0.9999999164150921
material_10,bc,diffuse,0.0018139029198983977,27.413859600987717,0.7209510106743667
material_10,bc,normal,0.0021472427916162536,26.68118846528971,0.8015751893227797
material_10,bc,roughness,4.604800236905743e-05,43.36789205400096,0.977611073444399
material_10,bc,metallic,1.0300166893585399e-10,99.8715573836512,0.999999789549518
material_10,astc,diffuse,0.000769004228338149,31.140712722416417,0.8731306951050112
material_10,astc,normal,0.0007846108171316616,31.053457087119543,0.8704183279297273
material_10,astc,roughness,2.9183582232095078e-05,45.348614003059836,0.9808124939331301
material_10,astc,metallic,1.449841792176336e-05,48.38679385719129,0.8789860526996488
material_11,ntc,diffuse,1.4032752843006472e-05,48.52857123893023,0.9950095119033279
material_11,ntc,normal,1.5070138426327668e-05,48.21882758467442,0.9935970660340451
material_11,ntc,roughness,4.639949621305873e-05,43.33486734813145,0.9913553612300036
material_11,ntc,metallic,0.0,inf,1.0
material_11,bc,diffuse,0.00048015698107421067,33.18616752481813,0.9099905621518122
material_11,bc,normal,0.0008458487688702002,30.72707278469541,0.8514218602140615
material_11,bc,roughness,0.0011324171216620963,29.459935729106476,0.846245745099073
material_11,bc,metallic,0.0,inf,1.0
material_11,astc,diffuse,0.00012242487486585212,39.121303312149735,0.952493255026285
material_11,astc,normal,0.00022665992023952134,36.44625268394391,0.911328660898855
material_11,astc,roughness,0.0004113052989237671,33.85835695357034,0.9095012676778023
material_11,astc,metallic,1.5259025527653332e-05,48.16473200422823,0.8692606856914408
material_12,ntc,diffuse,5.0158881565778815e-05,42.99652155893966,0.9873670529541981
material_12,ntc,normal,6.128838162332098e-05,42.12621846445916,0.9926284783872102
material_12,ntc,roughness,1.6663761417720256e-05,47.78226960997739,0.9936683677588193
material_12,ntc,metallic,2.7865919500028205e-10,95.54926621827238,0.9999996062773883
material_12,bc,diffuse,0.001305235429368291,28.843111462155182,0.7040976386544918
material_12,bc,normal,0.003093692250903144,25.09522890501566,0.7730614892046891
material_12,bc,roughness,0.00016610487256391306,37.79617627653468,0.9220600027296252
material_12,bc,metallic,3.420909221932109e-09,84.65858450204604,0.9999899368895548
material_12,astc,diffuse,0.0004829841429545096,33.160671275101926,0.8558981785815192
material_12,astc,normal,0.001418662540582923,28.481208985468676,0.860795057721354
material_12,astc,roughness,0.00011502925371335695,39.39191697814691,0.9363757044337867
material_12,astc,metallic,1.5374067776368192e-05,48.132112086812285,0.8667710825145392
material_13,ntc,diffuse,1.6484126913807402e-05,47.829340504351194,0.9947152390673079
material_13,ntc,normal,3.128127500339601e-05,45.0471555370508,0.9917359673261238
material_13,ntc,roughness,6.722936820668742e-05,41.724409700428915,0.990012784304518
material_13,ntc,metallic,3.345992156198584e-06,54.754750814619875,0.99721492062564
material_13,bc,diffuse,0.000657943710899011,31.818112600207527,0.8489714873217092
material_13,bc,normal,0.0014384673828918275,28.420999812471997,0.7279003550713744
material_13,bc,roughness,0.001426396723461176,28.45759667438118,0.7518611301353035
material_13,bc,metallic,1.7811479183057603e-05,47.493000123523494,0.9948077058523379
material_13,astc,diffuse,0.00023516927058672363,36.28619427861679,0.910718106957055
material_13,astc,normal,0.00075330354467391,31.2302998898757,0.811072827679129
material_13,astc,roughness,0.000661236270530837,31.79643332264279,0.8600806101798275
material_13,astc,metallic,3.265087144712519e-05,44.86105222976132,0.9925099275401879
material_14,ntc,diffuse,3.334434729855611e-05,44.76977779292255,0.9969350605452849
material_14,ntc,normal,1.756239720536732e-05,47.55416204716533,0.995558636450065
material_14,ntc,roughness,0.00010195067761156855,39.91609883353354,0.9963966165606984
material_14,ntc,metallic,5.351183141722067e-05,42.71550185247345,0.9952471857321925
material_14,bc,diffuse,0.004394172378684274,23.57122910173142,0.46544107102975424
material_14,bc,normal,0.0014682768058402074,28.3319206164304,0.6477624207921916
material_14,bc,roughness,0.00488462945053963,23.111683764057535,0.9062152064068312
material_14,bc,metallic,0.004355349076918647,23.609770309883537,0.48042468080376177
material_14,astc,diffuse,0.0011875247152170448,29.253573429067302,0.8569426051373785
material_14,astc,normal,0.0007935764618212894,31.00411222220726,0.777170800840461
material_14,astc,roughness,0.0016166972977899837,27.913712875801984,0.9528316662950357
material_14,astc,metallic,0.0015622537897645112,28.062484131340256,0.804798181055184
material_15,ntc,diffuse,3.386968435829226e-05,44.70188850656541,0.9956465377975308
material_15,ntc,normal,1.6411876737139122e-05,47.84841753500234,0.9958959426848178
material_15,ntc,roughness,9.128564427132783e-05,40.39597514951496,0.996777018247894
material_15,ntc,metallic,5.166339715549364e-05,42.868170399478885,0.9950688365085814
material_15,bc,diffuse,0.0033861869893763038,24.702890632938153,0.5126470416177353
material_15,bc,normal,0.0014581290742466193,28.36204030372003,0.6512148235021923
material_15,bc,roughness,0.004840606890694088,23.151001853067484,0.9079490611961981
material_15,bc,metallic,0.004278219563863331,23.687369306276636,0.4863267529624211
material_15,astc,diffuse,0.0011932655360811213,29.232629024967046,0.7621510443365125
material_15,astc,normal,0.0007909959177418938,31.018257578509253,0.7793166527263179
material_15,astc,roughness,0.0015917288951960234,27.98130899755732,0.9545977274458447
material_15,astc,metallic,0.0015283286630122267,28.15783241844125,0.8070681769794293
material_16,ntc,diffuse,3.4532145115391526e-05,44.61776442709294,0.9969099754671903
material_16,ntc,normal,1.6090699984730044e-05,47.934250626198505,0.9959733740176433
material_16,ntc,roughness,8.841576119043294e-05,40.53470309784498,0.9962981787951227
material_16,ntc,metallic,5.219213124189794e-05,42.823949685651634,0.9954638109873284
material_16,bc,diffuse,0.004655044299121413,23.320761817562282,0.44217535813962305
material_16,bc,normal,0.0014551730981503194,28.3708534269173,0.6512761744238177
material_16,bc,roughness,0.004667256955533603,23.309382884016724,0.9076811677559465
material_16,bc,metallic,0.0043419343454060766,23.623167478192837,0.48441495811076274
material_16,astc,diffuse,0.0012952090700696292,28.876601229734923,0.8511911895190459
material_16,astc,normal,0.0007937265344224491,31.003291009081387,0.7774868948235643
material_16,astc,roughness,0.0014892962022788326,28.270189179482706,0.9535627554693111
material_16,astc,metallic,0.0015295796935910256,28.154278906406113,0.8088056602247375
material_17,ntc,diffuse,0.00011592157526624606,39.358357258392466,0.995153059303707
material_17,ntc,normal,3.147022660247694e-05,45.02100129922782,0.9956974736852297
material_17,ntc,roughness,0.00014138842015080103,38.49586158223316,0.9961318435625983
material_17,ntc,metallic,0.0003039188408498919,35.172423758545456,0.9952890019032588
material_17,bc,diffuse,0.012033419166882636,19.196109550103582,0.2867452624757216
material_17,bc,normal,0.0038896832622293,24.100857619304726,0.5263224189166621
material_17,bc,roughness,0.01124065516343215,19.49208375104047,0.8463100874743952
material_17,bc,metallic,0.023548270683036006,16.280409806960655,0.8357777879342547
material_17,astc,diffuse,0.003911968213319489,24.076046827280017,0.7721675217990788
material_17,astc,normal,0.0014985810155909293,28.24319773457072,0.7395795056575767
material_17,astc,roughness,0.003631140685729559,24.399569243582736,0.9432021452096051
material_17,astc,metallic,0.007327278153547246,21.35057321732759,0.9338684918769581
material_18,ntc,diffuse,6.856892996032431e-05,41.63872627783459,0.9949268994214965
material_18,ntc,normal,3.115238846522993e-05,45.06508650208549,0.9960672304160978
material_18,ntc,roughness,0.00018131621495691213,37.41563355576754,0.9955934424750502
material_18,ntc,metallic,0.0003734265560816039,34.27794800608677,0.9964552957866016
material_18,bc,diffuse,0.00829325105535099,20.812751873485063,0.3115500241262774
material_18,bc,normal,0.003960485979757777,24.02251519787262,0.5255148508307719
material_18,bc,roughness,0.011768409953569798,19.292822113315005,0.8584543946001982
material_18,bc,metallic,0.025143425331332937,15.995755579482838,0.8420935338002968
material_18,astc,diffuse,0.0027072999437512094,25.674636257589547,0.7910373339144693
material_18,astc,normal,0.0015197701090091074,28.182221014892267,0.7367229371273724
material_18,astc,roughness,0.0039934171790191,23.986553181347205,0.9497665029760988
material_18,astc,metallic,0.008094858777843768,20.917907235058102,0.9429660634623915
material_19,ntc,diffuse,5.6520616734291005e-05,42.477931079197624,0.9948100902883019
material_19,ntc,normal,3.2541289406111806e-05,44.875652427063244,0.9959155111744834
material_19,ntc,roughness,0.00016567055895581417,37.80754662486282,0.9955635050458715
material_19,ntc,metallic,0.00035834449274024305,34.456992656493085,0.9967484666577935
material_19,bc,diffuse,0.00551809671796634,22.582106917308877,0.3858367698412773
material_19,bc,normal,0.004233253783985817,23.733256947480996,0.5189209518893892
material_19,bc,roughness,0.011738324862870778,19.303938753813284,0.8576777461269565
material_19,bc,metallic,0.02537661950098986,15.955662321171642,0.840563179442179
material_19,astc,diffuse,0.0017898514132607542,27.471830210197716,0.8094697761860363
material_19,astc,normal,0.00171202491650872,27.664899189675683,0.732213530258338
material_19,astc,roughness,0.004050391415727409,23.925030060503506,0.9494677863188956
material_19,astc,metallic,0.008204554863246944,20.859449765462607,0.9420294213983597
material_20,ntc,diffuse,8.504306376760635e-06,50.70361102278301,0.996411865513238
material_20,ntc,normal,1.1613781090749382e-05,49.350263642830264,0.9969734335970397
material_20,ntc,roughness,1.4042647874003849e-05,48.52550994154633,0.9938651750367272
material_20,ntc,metallic,2.3435469151686052e-05,46.30126347970568,0.9914433528736253
material_20,bc,diffuse,0.00016399520338198422,37.85168854240108,0.9663715932377138
material_20,bc,normal,0.0011771533297939142,29.29166964559819,0.9649925724648926
material_20,bc,roughness,0.00010926561475328488,39.615164864709314,0.9553522109333357
material_20,bc,metallic,0.0001464550426518178,38.34295670358921,0.9447806562652268
material_20,astc,diffuse,7.775683125833242e-05,41.09261446063535,0.9668197384696309
material_20,astc,normal,0.0008570585458791438,30.669895103010756,0.9608511915971424
material_20,astc,roughness,9.741633091385069e-05,40.11368231712268,0.9541452695174802
material_20,astc,metallic,0.00011417704434239716,39.42421203599449,0.9464319274817863
material_21,ntc,diffuse,8.502698093786197e-06,50.70443241190468,0.9956421224876847
material_21,ntc,normal,1.733234335070354e-05,47.611427162543876,0.9923412142155964
material_21,ntc,roughness,1.2950509120269697e-05,48.87713157931956,0.9948782582870846
material_21,ntc,metallic,4.677293477282006e-06,53.30005379382612,0.9965860054961112
material_21,bc,diffuse,0.00030531571638558135,35.152508394489466,0.9093740455151592
material_21,bc,normal,0.0007748499355193854,31.10782398766427,0.8003785616889435
material_21,bc,roughness,0.0006832790536897699,31.654018926190112,0.8850156448465596
material_21,bc,metallic,1.30199048086894e-05,48.853921909761254,0.9939790041115715
material_21,astc,diffuse,0.00010088474598359523,39.96174495170068,0.9486667385166877
material_21,astc,normal,0.00035819219083941763,34.45883886695582,0.8603212900389288
material_21,astc,roughness,0.00018296546003722825,37.37630888034794,0.9271858781276933
material_21,astc,metallic,1.67439964013236e-05,47.761408780094,0.9926024445905034
material_22,ntc,diffuse,3.525772811907996e-05,44.52745675506209,0.992200500849922
material_22,ntc,normal,7.27798945150726e-05,41.37988578202312,0.9930021962227138
material_22,ntc,roughness,2.5430303202466994e-05,45.94648461752199,0.9946772260555046
material_22,ntc,metallic,6.893148298918556e-10,91.61582378011082,0.9999991549384986
material_22,bc,diffuse,0.0004932006511213648,33.069763587222326,0.8688206682801555
material_22,bc,normal,0.0034300040172270396,24.647053713104327,0.7431000077327283
material_22,bc,roughness,0.0002621905042623,35.81383041178208,0.9234701820500756
material_22,bc,metallic,5.6080529072731964e-09,82.5118789781807,0.9999875636438932
material_22,astc,diffuse,0.00028734473578386437,35.41596754823867,0.9112755026307817
material_22,astc,normal,0.0025911447460654083,25.865083258556854,0.7732073174044455
material_22,astc,roughness,0.00024218542275383635,36.15852000780472,0.9280326264410264
material_22,astc,metallic,1.5365678667835498e-05,48.13448253163095,0.8669613454555303
material_23,ntc,diffuse,6.329926537906626e-05,41.986013301669914,0.9902340964605577
material_23,ntc,normal,3.780838801047362e-05,44.224118387199866,0.9955379173316597
material_23,ntc,roughness,5.597958655883812e-05,42.51970313370361,0.9935755170411703
material_23,ntc,metallic,1.6132900763174224e-10,97.92287537621843,0.9999997930404759
material_23,bc,diffuse,0.001868499218762236,27.285070793970682,0.792428084891264
material_23,bc,normal,0.022232407628739306,16.53013503416308,0.8608735581772883
material_23,bc,roughness,0.0004169710832633521,33.798940620876564,0.9577355631047009
material_23,bc,metallic,1.2050707080222417e-09,89.18987469933127,0.9999971931296332
material_23,astc,diffuse,0.0007099927354545787,31.4874609489801,0.8921555393814119
material_23,astc,normal,0.021858178054052088,16.60386040650159,0.8539194014574929
material_23,astc,roughness,0.0002673074893503842,35.729888731253205,0.9627993830949234
material_23,astc,metallic,1.4522426611353639e-05,48.379608095402986,0.8778349146623119
material_24,ntc,diffuse,0.00013472373980713412,38.705558700616265,0.9929440350548915
material_24,ntc,normal,0.0002209170247343741,36.55770814398861,0.9886274806469463
material_24,ntc,roughness,5.956090661516836e-05,42.25038700191719,0.9939877317048479
material_24,ntc,metallic,1.9789202711720943e-07,67.03571702755463,0.9997501916947212
material_24,bc,diffuse,0.006450700985509382,21.90393088838085,0.6957184101965309
material_24,bc,normal,0.013917340170931365,18.564437575030524,0.4256257523104023
material_24,bc,roughness,0.0029604364313268977,25.28644259973081,0.7231344069157174
material_24,bc,metallic,4.462220971518301e-06,53.50448927029578,0.9796387092045193
material_24,astc,diffuse,0.0025738578951155886,25.894154345376144,0.8798606960299272
material_24,astc,normal,0.008995431305727128,20.45978008615634,0.5891266037662197
material_24,astc,roughness,0.0013089623836273928,28.830728338295245,0.8729122897151591
material_24,astc,metallic,1.9609159552108604e-05,47.07541019779612,0.8495472715153104
